feature	metadata	value	name	coef	null_hypothesis	stderr	pval_individual	qval_individual	pval_joint	qval_joint	error	model	N	N_not_zero	Kingdom	Phylum	Class	Order	Family	Genus	Species
ASV624	Lifestage	.L	Lifestage.L	-2.91709379846171	0	0.756926304908875	0.000116266461981413	0.0546452371312639	0.000232519406072643	0.0934728012412026	NA	prevalence	93	28	Bacteria	Firmicutes	Bacilli	Bacillales	Bacillaceae	Bacillus	nealsonii
ASV3	Lifestage	.L	Lifestage.L	2.77630102644216	0	0.77353332561012	0.000331800870882093	0.0779732046572919	0.000663491649946268	0.1333618216392	NA	prevalence	93	22	Bacteria	Firmicutes	Bacilli	Lactobacillales	Enterococcaceae	Enterococcus	moraviensis
ASV5	Lifestage	.L	Lifestage.L	-2.58726410068064	0	0.748098302501522	0.00054328359853258	0.0851144304367708	0.00108627203999672	0.138273490329358	NA	prevalence	93	23	Bacteria	Proteobacteria	Alphaproteobacteria	Rickettsiales	Rickettsiaceae	Candidatus Trichorickettsia	mobilis
ASV624	Lifestage	.L	Lifestage.L	-0.521017000765179	0.784059577214013	1.37567621292323	0.361341598132811	1	0.000232519406072643	0.0934728012412026	NA	abundance	93	28	Bacteria	Firmicutes	Bacilli	Bacillales	Bacillaceae	Bacillus	nealsonii
